category,image_name
0,Home Furnishing,55b85ea15a1536d46b7190ad6fff8ce7.jpg
1,Baby Care,7b72c92c2f6c40268628ec5f14c6d590.jpg
2,Baby Care,64d5d4a258243731dc7bbb1eef49ad74.jpg
3,Home Furnishing,d4684dcdc759dd9cdf41504698d737d8.jpg
4,Home Furnishing,6325b6870c54cd47be6ebfbffa620ec7.jpg
5,Watches,893aa5ed55f7cff2eccea7758d7a86bd.jpg
6,Watches,f355cc1ccb08bd0d283ed979b7ee7515.jpg
7,Watches,dd0e3470a7e6ed76fd69c2da27721041.jpg
8,Watches,41384da51732c0b4df3de8f395714fbb.jpg
9,Watches,710ed5f2393a4b9e8823aa0029f71f93.jpg
10,Watches,920154acbe49d3202ed7d2ed2df1ea13.jpg
11,Watches,08452abdadb3db1e686b94a9c52fc7b6.jpg
12,Watches,1e8741b5ae27a513546c94b3f3312aee.jpg
13,Watches,189fa66a5fa6f08d2802a62ecf0be298.jpg
14,Watches,bbb8cdc5406ff60ff06ff64630f2ca47.jpg
15,Watches,1120bc768623572513df956172ffefeb.jpg
16,Watches,5479bb7028827d60000720a2c135976a.jpg
17,Watches,733aa1e801a139fa8dc7be9f0eff5ee0.jpg
18,Watches,62c35de4df27437d3597963fac55a8b6.jpg
19,Watches,33d97d63c037078cd3f08033966d6a88.jpg
20,Watches,d7ca2b06b4f4d3b98c61c377b18a2d6b.jpg
21,Watches,f74476ba64365d97a5be7d375cbf4c7a.jpg
22,Watches,fda50982a672ef8835de5c1cc86f8bfc.jpg
23,Watches,4788f5466992da09024b8ffcc8a5cba4.jpg
24,Watches,653826cd53f1d9e2c086c0ac7846ef70.jpg
25,Watches,3c74db45cbfc14a78b8466dca494b3bb.jpg
26,Watches,4aa047f14885c74f155ce5f973e14dff.jpg
27,Watches,7c4fec2331da8d40f2cb146eb198cb57.jpg
28,Watches,b52073e7ed9c00c4108cae4eb0c49c1a.jpg
29,Watches,ee8d9ff65e0fe4278afce7c933d30941.jpg
30,Watches,788dc3a3da91c0f46a7c465e07f91dd4.jpg
31,Watches,29b1ca231e10d5269516b80bf9d0dffc.jpg
32,Watches,8b268c1e68f198ae2e934717d49f48e9.jpg
33,Home Furnishing,b85f8843bb1c297dd5712f0bd287006d.jpg
34,Home Furnishing,a4b09aa7927c59fbb39960b3d7919909.jpg
35,Home Furnishing,81e739c7f3be737152f2e6f520e3494b.jpg
36,Home Decor & Festive Needs,f0938b0d88eac91deee6d5add54097d3.jpg
37,Kitchen & Dining,e9420e9483f16db81c64dddf99f34841.jpg
38,Kitchen & Dining,a3dea07b2f7bf48276d32513091be717.jpg
39,Home Furnishing,66191b4a311b5d9babfc00a71ef97c5b.jpg
40,Baby Care,90e56526f4c5892beac49f262b85150a.jpg
41,Home Furnishing,a79117ea49a0533f641facdb4c99f502.jpg
42,Baby Care,5325213d84c80ad310b6e4b37a1ac824.jpg
43,Beauty and Personal Care,2d50e4c6ccf8befe9335ac8f97a11712.jpg
44,Kitchen & Dining,8050d31bffe6827c804b8222338aafb2.jpg
45,Kitchen & Dining,493d1eb6ad7a48a926092bf994cd0bb0.jpg
46,Kitchen & Dining,3388d05e88972ff9f3e1321dc0cfdc28.jpg
47,Computers,d1899ab1d5c79ddaa311bc9f04d198ed.jpg
48,Kitchen & Dining,e7cab08a267e815c72a26513222783e0.jpg
49,Beauty and Personal Care,02a53d335775b652f22f41b529b9d646.jpg
50,Kitchen & Dining,69446af66066146718cd569f87e99fff.jpg
51,Computers,b4d35b6536b623c83b293eb3a1c02bba.jpg
52,Kitchen & Dining,f01140c02fd09e5c56312a64fa8db3da.jpg
53,Computers,6329ddb46087cb8c09ced95471dd9643.jpg
54,Computers,7e6ae1b372e8e0b509b83ba3658b8107.jpg
55,Computers,e2ae2af58ac50adf4881751ae84a9d8a.jpg
56,Beauty and Personal Care,24e85c590481a7cedfe66597f253f2b2.jpg
57,Beauty and Personal Care,5e84d36ad6db970548498829db8b15de.jpg
58,Beauty and Personal Care,3c4604dba348a99a2dfbbc2cd3928101.jpg
59,Beauty and Personal Care,0abfcbe0e17dd50c4cf5fb1d6037d514.jpg
60,Beauty and Personal Care,4a1b23dacd7d2a9ec7414f7159f25a48.jpg
61,Beauty and Personal Care,95330f6f0f44d17b918feec36bedcdef.jpg
62,Beauty and Personal Care,66a5a21ea332aefcc7b90dbad94053aa.jpg
63,Baby Care,f4e7f269319ba9cf5507a9e2febacbf5.jpg
64,Kitchen & Dining,80e9cb3d2d7f9ff7bc497c34df366d03.jpg
65,Kitchen & Dining,2baa415ebcc4fe563ce13b50e60efc1c.jpg
66,Baby Care,903d63e2b71d692ccd628e1de516516e.jpg
67,Home Furnishing,707b160df4c4dece6cde52b222ce624b.jpg
68,Kitchen & Dining,ed9817e8960a6a0d509061c54cfe5ac1.jpg
69,Kitchen & Dining,5a7a1287fef0d986a5e237797beee286.jpg
70,Kitchen & Dining,9ba898ecb77ab5a6799c8b047c6b6008.jpg
71,Home Furnishing,f2658bad8c2b7d5b08984c6ac34267f7.jpg
72,Kitchen & Dining,afc3ebd18df498dd87abb7ad7536b5c7.jpg
73,Baby Care,141d2b743c477043041faddf9233c8ad.jpg
74,Baby Care,7a3f11f380a1bf85338ab3771ff81e9f.jpg
75,Baby Care,ae45b64d808a883aa35f2bf4de879cac.jpg
76,Beauty and Personal Care,1971dcd2f3058a4c87bdd7d87d4baeba.jpg
77,Beauty and Personal Care,4942e0a9c0527dc00319a39fc8f103e6.jpg
78,Home Furnishing,0a8a1e9c6659361c0c2b247f8a6471d0.jpg
79,Baby Care,320833ab08c9a94ef83520612899a85f.jpg
80,Home Decor & Festive Needs,57578c1e6ec61a880a6f3f971f5f77b8.jpg
81,Home Decor & Festive Needs,4e130ed339dcfe20d2c8b66892278a94.jpg
82,Baby Care,601817defaff9d0e30e1b72f96d3975f.jpg
83,Baby Care,3cdfd9df09f61a8fd178bafcc8dbed31.jpg
84,Home Decor & Festive Needs,374e63028d691c380bc43b0dc60e460d.jpg
85,Home Decor & Festive Needs,61c0139f3d5c97f1615797dbf046cc0c.jpg
86,Kitchen & Dining,0096e89cc25a8b96fb9808716406fe94.jpg
87,Computers,e8ee7868b0c3d1d04b482cd4f3ec5ccc.jpg
88,Home Furnishing,04f9ff160a1561e3656350f4bd6b8c50.jpg
89,Home Decor & Festive Needs,aebf3a2172b33ef09acb472009967812.jpg
90,Home Decor & Festive Needs,6ae332e2bafd23267caedfcc4453257c.jpg
91,Home Decor & Festive Needs,57800d48b001f3fad34a4f8fa9207f29.jpg
92,Home Decor & Festive Needs,d1e18b4a3aafb0040da2111c8b8ce2e5.jpg
93,Home Decor & Festive Needs,46e6853da6b0c796b7a0d8203ceaa88e.jpg
94,Home Decor & Festive Needs,22296bfc1c79d9dc88eabbd01220ef0c.jpg
95,Home Decor & Festive Needs,f4d4c2eec77732f56e47722d7a355f2b.jpg
96,Home Decor & Festive Needs,f12a06b7dbfc55638afafcf8bb03d836.jpg
97,Home Decor & Festive Needs,18bd9b88e23b82fd19f8ab0c9cad6a1a.jpg
98,Beauty and Personal Care,5749bae8ccead7997ebf370b6b081d07.jpg
99,Beauty and Personal Care,059493eeb88ebb4cc08d1522f3f87c3f.jpg
100,Beauty and Personal Care,9613f2f1e65fb1fc7e181e7f83c217da.jpg
101,Home Decor & Festive Needs,c7fcd0d983a51283e58b806f065cc920.jpg
102,Home Decor & Festive Needs,b78586222de9a1095d0a9d88455ee75f.jpg
103,Home Furnishing,dfbd96036cbc28566e964cff04b5b3a8.jpg
104,Home Furnishing,336fc49639a5cc45aa532ace3ee1a044.jpg
105,Home Furnishing,789cf5578f48577a44586fca3adc35d0.jpg
106,Baby Care,184ecf07ca4e2872eaf53d2344a1e783.jpg
107,Home Furnishing,b515014adccb1fdf5ff1e2c4a8ff9ea6.jpg
108,Home Furnishing,5aacf8f5154afea2ac22fc767d072677.jpg
109,Home Furnishing,7cbbe686c4a233e8cf53528748f75223.jpg
110,Baby Care,f1ee63a5f0db853e2c1b377778580d39.jpg
111,Home Decor & Festive Needs,0bb0f7b7a3075f4b9459121abe2185fa.jpg
112,Baby Care,8015db34d09642b046c775e8157dd729.jpg
113,Kitchen & Dining,0ddc40c08d9a9bafc4d14eddd98db7c0.jpg
114,Baby Care,bc784846bd59a16832454416ac708003.jpg
115,Computers,8e8f5dc78f80eff3c77a9714303f59d2.jpg
116,Home Decor & Festive Needs,53f4bc7d7321f5c41de6b86e41f13e80.jpg
117,Baby Care,be09f5a3a88ac10ae14c791fc8ac0dae.jpg
118,Home Decor & Festive Needs,d202ea988ab11f2327279093ac71975d.jpg
119,Computers,db6c79a1d852944a89e157793f392d67.jpg
120,Home Furnishing,16c18ce0affca13159e362227c83683c.jpg
121,Baby Care,7dd5e83e2108a97659577e50879f9d9f.jpg
122,Computers,a63eecfbb02004863fa1f29a0b8105fc.jpg
123,Home Decor & Festive Needs,5c77aa1fc09901ae07c392c152a70e41.jpg
124,Beauty and Personal Care,640fd08bb3ba538d67a5c0c2c61a5c4c.jpg
125,Beauty and Personal Care,7241df1acae1fac892c692097ea3fb98.jpg
126,Beauty and Personal Care,a85a7dbd31267a7b02eda3a4d484632d.jpg
127,Beauty and Personal Care,13de17e59a92f8bcaec8bf103bbff8c1.jpg
128,Home Decor & Festive Needs,3ba13df7877fd979d64c87c7586a5ca6.jpg
129,Kitchen & Dining,f1484a63c0dc79e96c98b2a250380ed8.jpg
130,Kitchen & Dining,f01ff0a82401117e9da22dd680fd2f36.jpg
131,Kitchen & Dining,de911421573d3e234450040374b55b38.jpg
132,Kitchen & Dining,614dbfa2f42c4684c0bb6152091113a6.jpg
133,Kitchen & Dining,5531b9f454e2d75cfe00c3f795e06de5.jpg
134,Kitchen & Dining,258444ac7bb7ad8026800efad5c3502b.jpg
135,Kitchen & Dining,fd369a1bb58ae02cd925dda7e9e1d00a.jpg
136,Kitchen & Dining,73f460cd6f3fd206902d7097a1816405.jpg
137,Kitchen & Dining,0d3e1dc0d38be59e9927e47f152e48aa.jpg
138,Kitchen & Dining,118b411bf265538461b084ce7abd55a8.jpg
139,Kitchen & Dining,06749cbff1487f470438823f6952cfd1.jpg
140,Kitchen & Dining,202fc276e672eb8c29891aa50aef0771.jpg
141,Kitchen & Dining,feefbdff924dd6b7cc266449c9a36d69.jpg
142,Kitchen & Dining,af1ac46194b5488048c459102a16a57e.jpg
143,Kitchen & Dining,a1fd886094826c3f25c6ffb380073974.jpg
144,Kitchen & Dining,3847353a4b8de1efc504d589aea74ffe.jpg
145,Kitchen & Dining,60efd61370e70267dc60b11ff2bf974c.jpg
146,Kitchen & Dining,63bc43c0000e71eb11bfafd2f46214a4.jpg
147,Kitchen & Dining,f8794f7a06b530782c66f7c0911bb437.jpg
148,Kitchen & Dining,8507eb0ef32c1c0db700f20aad6d9bcd.jpg
149,Kitchen & Dining,fc7abdf67b4d7dbf64dffbab7b37599c.jpg
150,Kitchen & Dining,1afa5f2c3c9b4b43def6dc2e695d2c87.jpg
151,Kitchen & Dining,73503fe89ea77420a598f4a1019e5b6d.jpg
152,Kitchen & Dining,ec590694e8bf85f75c9200cf418127aa.jpg
153,Kitchen & Dining,7956d9586de3e25ff586bca58be7195e.jpg
154,Kitchen & Dining,63f6ef8f3fda2c306b27cfbf5a005f1e.jpg
155,Kitchen & Dining,328b66226952d8733c0c48295fae1108.jpg
156,Kitchen & Dining,6efd5d260667b94f04edbbd18bb300b9.jpg
157,Kitchen & Dining,beaa6285a2b9c66db0e294767711ca3f.jpg
158,Kitchen & Dining,41fd5af61752be98b19b611a6ff9a0ef.jpg
159,Kitchen & Dining,219b24362655097cb41bf06a0be8ee79.jpg
160,Kitchen & Dining,b5d1b8ef70b1ce27726f7f6c2f373e56.jpg
161,Kitchen & Dining,69515ea06da8b2b1c881ce34fbf6575a.jpg
162,Kitchen & Dining,02127f52e96fb72c66bf081d25104ef8.jpg
163,Kitchen & Dining,c4581cae6bf751a7ae5c40bb16b74e98.jpg
164,Kitchen & Dining,c8f42da0f9f695f07067676eae4135c8.jpg
165,Kitchen & Dining,785b4383b12106dd172306d427d8f7b2.jpg
166,Kitchen & Dining,d19d17140fdd9adc09ba6e2ad1e1ebb9.jpg
167,Kitchen & Dining,aadbc3b9c32c4535b1bfee7321c4c0e7.jpg
168,Kitchen & Dining,ea16e13a7cf16d8665d1bc44738dfa88.jpg
169,Kitchen & Dining,a341f915962ee99754e962520f279708.jpg
170,Kitchen & Dining,9077acd25761ea067ac6d9369d8fdf16.jpg
171,Kitchen & Dining,cab75cad4b3a3c593c753a1759df28e2.jpg
172,Kitchen & Dining,c5590e238d44b370337624f5987fb9b8.jpg
173,Kitchen & Dining,6b043b37c38f081d96886acb5acfbdf5.jpg
174,Kitchen & Dining,b92e13d5ef945d086fd4f42b95bc04ac.jpg
175,Kitchen & Dining,22ea3b69860bc9a5e0c69b87db2dcdab.jpg
176,Kitchen & Dining,154920adb9d584b55d419227f9b01cc6.jpg
177,Kitchen & Dining,5dbf978ab2cf9d2da6446d3e4595f690.jpg
178,Kitchen & Dining,b7ef3e6ec248f17f3a6a4697120ddb96.jpg
179,Kitchen & Dining,aab46b84f70cc6774afaafe1d6035de3.jpg
180,Kitchen & Dining,58d7fbbe6d306ecf16e0a7ac05b211d4.jpg
181,Kitchen & Dining,59af3731b809a25f2bf99e99f645d8dd.jpg
182,Kitchen & Dining,3c4ca34c50a5437a1bcc42b72fc1351f.jpg
183,Kitchen & Dining,3830dda3491cd5b28ed42ae544bc44f0.jpg
184,Kitchen & Dining,2f712e172ee77a913b6d627657986b72.jpg
185,Kitchen & Dining,6da53319cc12c9729881f5478ff67223.jpg
186,Kitchen & Dining,8bf65b132179faf26f61e26274b2b819.jpg
187,Kitchen & Dining,f69bef5db54cb4c83b2aa8d0ce829d4e.jpg
188,Kitchen & Dining,ffbf3794aa8cb6bb8d3f313d0a549a09.jpg
189,Kitchen & Dining,acd2f21d63ac0bbed4d52e6010d9460b.jpg
190,Kitchen & Dining,b46d7b8e6826ad4c8b40a991da0f54d7.jpg
191,Kitchen & Dining,ce2f67c3365846170cb709784d87e45b.jpg
192,Kitchen & Dining,b4ccd4c315d99edd7c00d015b714485a.jpg
193,Home Decor & Festive Needs,302c95f6eae5f4ce217fcedc4ef91262.jpg
194,Home Decor & Festive Needs,2f756aa2ceb1efda609c428a47308758.jpg
195,Home Decor & Festive Needs,2e3586dc60df258c5478446d65a317d2.jpg
196,Home Decor & Festive Needs,40829ac110f344ef35f1c8c32fb311c7.jpg
197,Kitchen & Dining,e3c741a05c82c54343b94ed8c1292e2a.jpg
198,Home Decor & Festive Needs,d75705ad163412347cba51f882e9c0f0.jpg
199,Kitchen & Dining,90f86ac4065397340e8012261577c220.jpg
200,Home Decor & Festive Needs,168618e93387ad7171d4e4e1eeff9d1a.jpg
201,Home Decor & Festive Needs,9c4ab8ab059c912090c83cb0818e7f1c.jpg
202,Baby Care,70578f48cc96bbb60d040e08025e521d.jpg
203,Home Decor & Festive Needs,5b378b0925d5409b5d84ceb416fc2afc.jpg
204,Kitchen & Dining,6775e3b91baa4d368f6d91eb7c24578b.jpg
205,Home Decor & Festive Needs,c109187e7975ee8fdb2b3dfbdd9dce20.jpg
206,Home Decor & Festive Needs,8962b50b699ddf4712ad18d29c6a3862.jpg
207,Home Decor & Festive Needs,a4d9e71172f619f8e3122e34bb0bf3cc.jpg
208,Home Decor & Festive Needs,55ce1309b69e1912d2fd60a3ee3f351b.jpg
209,Home Decor & Festive Needs,a9b35b94610a3d7f4fa91f19693c5248.jpg
210,Home Decor & Festive Needs,3113367c72125a3355af42426fe14f17.jpg
211,Home Decor & Festive Needs,e99d9abb115a9bd580bcccf9ff4d4881.jpg
212,Home Decor & Festive Needs,de29bf3288345e23b0e25345a3a057fb.jpg
213,Home Decor & Festive Needs,e3e7c584f317d1b5d6ac0088c411565e.jpg
214,Home Decor & Festive Needs,9d279c825ba12804c337f883b366a6e2.jpg
215,Kitchen & Dining,91a5328e7235424885d271dfa0959eeb.jpg
216,Kitchen & Dining,2110699b945ae766c8b8112038ac58b9.jpg
217,Home Decor & Festive Needs,198dbe7be6f84f6448197148d7b5e5a5.jpg
218,Kitchen & Dining,ce02ab514e4c623dcf7acd7182a7762d.jpg
219,Home Decor & Festive Needs,2ede595489db33a036d135ce22645515.jpg
220,Baby Care,32cf0691248297655e2c1728b12e2262.jpg
221,Home Decor & Festive Needs,81a695f80d3f5c445910d310f1a83eb8.jpg
222,Home Decor & Festive Needs,922a04084481d4b3275a3f7bb54e90f3.jpg
223,Kitchen & Dining,f2751cf0dd59d223cacbc5da5df42a1a.jpg
224,Home Decor & Festive Needs,cc2e2bb105a5c2b2e43842886d057b81.jpg
225,Home Decor & Festive Needs,67d6b4a8aa19d57740b0440365b77624.jpg
226,Home Decor & Festive Needs,f39a2cce8929f5b44087d688995994e4.jpg
227,Home Decor & Festive Needs,4451f1b01168b6a085738d0b0f2f02aa.jpg
228,Home Decor & Festive Needs,9f76aaed44b540869da862c5dd4b266f.jpg
229,Home Decor & Festive Needs,caabe6014b914fe2874a9a8d7284f79b.jpg
230,Home Decor & Festive Needs,968a2b3be84193e3f755c2fe71033a2c.jpg
231,Home Decor & Festive Needs,f8c1b5fb422d8418dc9e40a43fece55a.jpg
232,Home Decor & Festive Needs,4642d967bc34a36454b281de632f6c11.jpg
233,Home Decor & Festive Needs,34d3b2b8d263294107a3ffc69b35ff8f.jpg
234,Kitchen & Dining,ed139e0d1b5c973495e1aa35dd4a5533.jpg
235,Kitchen & Dining,e1e133cbe616bee3b3e9e6f4f0882e3d.jpg
236,Home Decor & Festive Needs,cf2ba696547459733c6bbfad4e3bcf62.jpg
237,Home Decor & Festive Needs,be0e65c6d8c2cc8cb913b36aa4168cf0.jpg
238,Kitchen & Dining,2e8df36b35d22cf219cf8bae6c2af752.jpg
239,Home Decor & Festive Needs,8f41774c16a931d71fcf01f8fee171e0.jpg
240,Kitchen & Dining,7e4c1d31e279a700c6b8e66d820e8601.jpg
241,Kitchen & Dining,1357e9d24661c3b5797aa1016e0c3be1.jpg
242,Kitchen & Dining,799ddb97164ff2d5d53bb8b27b8c355f.jpg
243,Kitchen & Dining,607dc41467008ee7a8dba0276f180f63.jpg
244,Kitchen & Dining,0c4718ae90f2889b7021a99ee1cc106c.jpg
245,Kitchen & Dining,85fe188e1ee8237b70df0d475907bf24.jpg
246,Kitchen & Dining,ea42376c9c52752d9d01bba12eb2999b.jpg
247,Kitchen & Dining,87f1807e002d3555b8dfb465a8a61df2.jpg
248,Home Decor & Festive Needs,45d0af2c709de47268c80c35a117de44.jpg
249,Kitchen & Dining,0131e5d87b72877702d536299cf83b75.jpg
250,Home Decor & Festive Needs,17611e6e94d73ef376834e5c6ee03dde.jpg
251,Kitchen & Dining,72cbc043d14ee578c789c9fab3c43cdd.jpg
252,Kitchen & Dining,6bc04b3ec1f8d4da2a00f8662f4fbed3.jpg
253,Kitchen & Dining,fb733e04ff2d72c59d8513eb574e81a2.jpg
254,Home Decor & Festive Needs,fda51c31a1b7ae8f3c7b5c0174d3e201.jpg
255,Kitchen & Dining,c38eb8abdaa1d8c28bc8c262761dfbc5.jpg
256,Home Decor & Festive Needs,73b692cdfce9a77b721a54d4b7fb35a7.jpg
257,Home Decor & Festive Needs,40d7d3d1961236dd814e15592fa52994.jpg
258,Home Decor & Festive Needs,9833d0de7f7e1927c807411c10b19189.jpg
259,Kitchen & Dining,724e6eb7edc83eb48b6492d12e940ebd.jpg
260,Home Decor & Festive Needs,04f9f818e2d657b873b07578cfe2eade.jpg
261,Kitchen & Dining,273982a65b9c7dabe56c8345552bfad7.jpg
262,Home Decor & Festive Needs,e1b2b3ad430dd738d958292441b6d046.jpg
263,Home Decor & Festive Needs,9a3cdc88ebbba7612e88eac1b82c5f82.jpg
264,Home Decor & Festive Needs,a4951eb41979fe482879f777c8f21d2b.jpg
265,Home Decor & Festive Needs,412d0425bb7076610aace6549ded265c.jpg
266,Kitchen & Dining,0e73201f6d8807776e1d21c969078289.jpg
267,Kitchen & Dining,86dcb7d4ce6ec7bfb3e26d1bd859f4fb.jpg
268,Kitchen & Dining,093097cfe5626f4ad8914e0a16a940b5.jpg
269,Home Decor & Festive Needs,908cc351957d02f72f60916006c531ba.jpg
270,Home Decor & Festive Needs,7ee2e665b7de2e1cc29e3c65bde0c318.jpg
271,Home Decor & Festive Needs,9906d8f74589c452b00f2b5642a63c5f.jpg
272,Home Decor & Festive Needs,0f7a56876c61ba98dfed48ede5d3f3e1.jpg
273,Kitchen & Dining,6a1afb657e9ac01e3ca1956dfdcc3e9a.jpg
274,Kitchen & Dining,c3e1435782c0929327449eec11475b96.jpg
275,Baby Care,719677b02bfccafb86e9be78f36f938b.jpg
276,Watches,14826adf9bc4c34ea566dae3d85ef7cf.jpg
277,Watches,113783ce1db999778b5a4bd374e61209.jpg
278,Watches,553aa0252537751d153e7c50029f0242.jpg
279,Watches,e2cec0756030a25f294ead3acc0570d2.jpg
280,Watches,009099b1f6e1e8f893ec29a7023153c4.jpg
281,Home Furnishing,db3e2eeb4fe90d4755f2911d661eae95.jpg
282,Baby Care,a8ea6fc2b3cd95f46bced80853ce8e0e.jpg
283,Watches,4d2e9f36823bad0f6fe8c6b19bb92bdb.jpg
284,Home Decor & Festive Needs,63f2d92a3f5fc6cfc11e7f99d5798eac.jpg
285,Watches,64a9d0488652194fd8e879d5e6dc8015.jpg
286,Watches,08613e8b27838b997069b1fedb6e88d2.jpg
287,Home Furnishing,a66a68fbed935f90b62d5d29003267fc.jpg
288,Baby Care,7f7c64d439d64656d6baa40f5798cdf5.jpg
289,Home Decor & Festive Needs,2aaa6083689193df5ab01fe37dea1b5e.jpg
290,Home Decor & Festive Needs,45204a03550940bdcbc8e4703c07f550.jpg
291,Baby Care,8876d7569efdaff5a21b33a1ab44a13d.jpg
292,Baby Care,7c15895bbfd7da97c219be5b28150a06.jpg
293,Baby Care,c2efa8aa11898bdb5fc4e46201973a42.jpg
294,Baby Care,688bb32bf0d9b6e350d2c0912a3b7c9f.jpg
295,Kitchen & Dining,735820e1614052fde55659da9dc10ccc.jpg
296,Computers,458c697fe5824552890b0e674cf5c109.jpg
297,Baby Care,6ed34e1ab886e8a702ec59dd66ba4dff.jpg
298,Kitchen & Dining,2971287a1ac427bd98c4778112d20d06.jpg
299,Home Decor & Festive Needs,4b8728226cc2934095782f7e7f3ce740.jpg
300,Kitchen & Dining,8c6942026d53b881d1da9359ea19c9fc.jpg
301,Beauty and Personal Care,23704dd51c975e845c574b044aae0a9f.jpg
302,Home Decor & Festive Needs,26d8d458084ef90d395d303eaeb71587.jpg
303,Home Decor & Festive Needs,a554abb9699959ec78425eac2b997c27.jpg
304,Home Decor & Festive Needs,95cb9561009bd6707c67f05e6a00c16e.jpg
305,Home Decor & Festive Needs,906b5b16c78ba1c718501138702cb32c.jpg
306,Home Decor & Festive Needs,7e11aaffb1d08f8091ea94598f7865aa.jpg
307,Home Decor & Festive Needs,a12d9ae5720ae41446e084911f0c2865.jpg
308,Home Decor & Festive Needs,521528ccaa29dd645e869550cae7a249.jpg
309,Home Decor & Festive Needs,2f40e01331bc00216d147d4ebfdfbaf3.jpg
310,Computers,64b463dc0b75ae40a848498c657041e6.jpg
311,Beauty and Personal Care,ecb5bba9a5984d2b35b8ac3f56056c67.jpg
312,Computers,c20bf28cd809790c04e78fdaf47c038f.jpg
313,Beauty and Personal Care,6c8f99e979d4de9ab5d1ad20455622c7.jpg
314,Beauty and Personal Care,3adb36e4275733d0d113d9039e6814ea.jpg
315,Beauty and Personal Care,e93cd13f5269dd51b8359ccf93ca5ace.jpg
316,Beauty and Personal Care,b551f20c6a8a1dc3d102a5f04bc8d7d6.jpg
317,Beauty and Personal Care,a898bd6978f9f2c6aa940b9fa3352c27.jpg
318,Computers,fd2716d0e5dd7ffc367ca4dd9f97aaa0.jpg
319,Beauty and Personal Care,8e94fbcd81112a21860355b3b11cf52d.jpg
320,Beauty and Personal Care,3ee79b1e51c9f9262e8373ce6b717606.jpg
321,Computers,5df72b5295dc5e6126693e640b50f3a2.jpg
322,Beauty and Personal Care,48b9e7f78348b95955d7484910b7af15.jpg
323,Computers,f309bdd259c5b46a560bc1620e641947.jpg
324,Computers,a43fbae655e5d13215b9dd65339fa9d4.jpg
325,Beauty and Personal Care,3945cc3920106c04648e8ba17ef2b009.jpg
326,Computers,c75d6d827876b0d0127acb59e5a251ee.jpg
327,Computers,f3ad282dac6ef0e30585a49ac67a322b.jpg
328,Beauty and Personal Care,7c4c57dda1b2e50f40b331cc8f9d233b.jpg
329,Computers,cb0afa31d9ca796908fde019cd64044d.jpg
330,Computers,394c2c627914e1eed9b8ac343583a679.jpg
331,Beauty and Personal Care,f2689f048b3b6f0ff863bf0cce28873d.jpg
332,Computers,473b1ab1abe21826c41efa1584a88a63.jpg
333,Computers,d4b625befbbb7e8004e53c187f286e11.jpg
334,Beauty and Personal Care,417ae3e8b08acc19a023b8a958644799.jpg
335,Computers,353ddb2c8ab6920d8ad1055abee87dda.jpg
336,Computers,6634de7b39a5b0658c74ab098450096d.jpg
337,Beauty and Personal Care,7680c6bf930669dc0646e3315187dc8c.jpg
338,Beauty and Personal Care,fe1bd3e2be8112198506daecbac7dc5c.jpg
339,Computers,9a993e1b59649c93f667d38227325066.jpg
340,Beauty and Personal Care,8963e56482bbd3e9d05e0709d61ee0ca.jpg
341,Computers,fce2bd96b35d531a4784bc57e19aca4f.jpg
342,Beauty and Personal Care,17a73d7c4b02ada2bfeed1115fed08a4.jpg
343,Computers,9743e6d1c9f3180483825fe4d2e97836.jpg
344,Beauty and Personal Care,6e44d107ee32412243b19b0ed9b415f3.jpg
345,Computers,d43d9bb261aaaf818c81a645e727b2d3.jpg
346,Beauty and Personal Care,52c5fe837181962a7c1d5883bb9d7007.jpg
347,Beauty and Personal Care,539f82930cfad8afef1a75882eb45703.jpg
348,Computers,7ba69836467fe0795bf0e1161fc481d9.jpg
349,Computers,02c63a087b298ec74042d557acf61be1.jpg
350,Computers,2670ba9bc61b42937773486ddcae442a.jpg
351,Computers,9438a0874e0486f46f3669cac6c2ac90.jpg
352,Computers,833a87b0af3b84fe246d2ebf271af177.jpg
353,Computers,b5b47b2ecf5cf5760051b0a980ed7a3f.jpg
354,Computers,c8e2c85eccdc9db55eeb2231385e4f1c.jpg
355,Computers,26989e846c2096a5b59b59cbea2cc7ab.jpg
356,Beauty and Personal Care,9a02f44389bda4c60e7dc23947dbca58.jpg
357,Beauty and Personal Care,79b78739b0ae84780001fec304ce036c.jpg
358,Beauty and Personal Care,91e22428c0dd8871288ba5dac35a7382.jpg
359,Beauty and Personal Care,4b0e6f200426b1db8824b2ca0c59ecfa.jpg
360,Beauty and Personal Care,cc9412969fab14faba65c70e00fef4a8.jpg
361,Beauty and Personal Care,dd0b73d97cea6cc71d263a77fa7982be.jpg
362,Beauty and Personal Care,42c5c528ad7ac8ad7a4e7c31f958e25f.jpg
363,Beauty and Personal Care,8932c9a89b487bf9f2b3fce06c7c6553.jpg
364,Computers,b4327c9879644be2a04e9b2df963f6cb.jpg
365,Beauty and Personal Care,7bcabeb38f148041087fafdad40e2c57.jpg
366,Beauty and Personal Care,47d7792e50e69b048b1f17176f170141.jpg
367,Computers,884ff6050ff3d6b2c8f681c300a21b2a.jpg
368,Beauty and Personal Care,f386f28cbc2ca9a63b5dc7a8fe6d5098.jpg
369,Computers,53c4f1e5cb1767f1a6ba05d32dfaf107.jpg
370,Beauty and Personal Care,b42a9b597a3a3dc8f428e2e2323e9aff.jpg
371,Computers,2a20862f02555a44b0ab301bed987a0b.jpg
372,Beauty and Personal Care,ea82cb68a6e79d3c10fe9c4255c6a508.jpg
373,Computers,5c6b9db55291a68d99c4bb9a88266e27.jpg
374,Beauty and Personal Care,df11d370920e09a2985e574ffd9b0ff1.jpg
375,Beauty and Personal Care,4c096ad79f63c12a42f56fe8cec37f36.jpg
376,Beauty and Personal Care,15f45d08050e8ba24a14804cba000589.jpg
377,Beauty and Personal Care,94a0d2804a77f7d2bfab6f3f0ae5254d.jpg
378,Beauty and Personal Care,955abcd11312fce2fd02a91a9b05ae71.jpg
379,Computers,534d9c3ae2342df2f4f9233622f90711.jpg
380,Computers,1eda39f01d0a8a2e5ce4b32fc7da1027.jpg
381,Beauty and Personal Care,079d049de21fb2426b516a8d2f9a8bdb.jpg
382,Beauty and Personal Care,4c449766e715bc41023244c9042e0a82.jpg
383,Computers,54754ccd18f2a75c53de68806176392a.jpg
384,Beauty and Personal Care,67119571e4b46deb266236d8e7fad65d.jpg
385,Beauty and Personal Care,f2fa99bfaa4aa65a2bd53337e140f949.jpg
386,Beauty and Personal Care,59d964c38c787f829c6cfa5629e4df90.jpg
387,Beauty and Personal Care,36b965559aa2b97cb961a603f18a9183.jpg
388,Beauty and Personal Care,98ad5b99ad96695568d8f143b11ab740.jpg
389,Beauty and Personal Care,51dc964c7a47293ff0ed0c6912813722.jpg
390,Computers,ae19a81b730b48b87ca72521af8fb902.jpg
391,Computers,7fd12776e6d62da6e1dd3cbc9882ee5f.jpg
392,Beauty and Personal Care,d376da2235096f74600d842b6f5f2d1a.jpg
393,Beauty and Personal Care,ab3f4b2d2ec007b7e0eaec213bfdbffc.jpg
394,Computers,bd95002e0fea67f7ec2f2597814c5eaf.jpg
395,Beauty and Personal Care,862c7462f12de819d93f93dc573289c5.jpg
396,Beauty and Personal Care,387ecd9ec173d61b6dc5ceddc079b150.jpg
397,Computers,c2e71e7c97489d4efa5eab796ae354ac.jpg
398,Computers,215decf6f993d7b45d75520d9174493f.jpg
399,Computers,8720a25546a572b0217817a82bfd00a5.jpg
400,Computers,4fe24e100a5fcc33cf6054ef101067ed.jpg
401,Beauty and Personal Care,50be4cd92fda2755e1e884421a52e345.jpg
402,Beauty and Personal Care,726de30d1473ecb9641c1cd5286b6344.jpg
403,Computers,b1c7aa8e0f50e7ee73ed30d12af1a961.jpg
404,Beauty and Personal Care,07f8bdc4372a73d0820507683a936b6e.jpg
405,Beauty and Personal Care,a231459c1562ee1117e95a61128820b7.jpg
406,Beauty and Personal Care,fa6f5eb34be4ad5daec225bfe09f2414.jpg
407,Computers,dbf7c443a45d684944b5d9928eef051f.jpg
408,Beauty and Personal Care,a7a294ddbcd9bbbc46c034079529c17c.jpg
409,Beauty and Personal Care,c6cd71c28144224b080cdec222bc4833.jpg
410,Computers,e39177ad1acf95e44ddd430bf969a86b.jpg
411,Beauty and Personal Care,5c7b493625b5fc6689cae49d25e1ae17.jpg
412,Beauty and Personal Care,f6fbce5fffb82a83d7529815c4be9a72.jpg
413,Computers,d36e6f157d1155369f763a0a434fb129.jpg
414,Beauty and Personal Care,2d4f1232af970bd19881ceacad6ccfe3.jpg
415,Beauty and Personal Care,b17d093c269db6ad3bf4b6076461fd72.jpg
416,Beauty and Personal Care,723e472f98180745980efe32411d30c6.jpg
417,Beauty and Personal Care,f74e1afad2c545c25ee38193d0eb87d5.jpg
418,Beauty and Personal Care,1d829e0eac91d7e85cdd6d581c363360.jpg
419,Computers,e365b55f806e5d0abe0094a9f2590e33.jpg
420,Computers,6c3768639e82ceaeab681e083b897672.jpg
421,Computers,f25d2701ff23f6749e8e69ca17987993.jpg
422,Beauty and Personal Care,0e1e3861d54a8a17b7b91f04071a4ca3.jpg
423,Computers,00e966a5049a262cfc72e6bbf68b80e7.jpg
424,Beauty and Personal Care,1be8161a259813bca5d068d5730464e7.jpg
425,Computers,60a7313ea1e0ee8d845a0a6dec6117cc.jpg
426,Baby Care,70461caa9038cfa34d109ea056d57f5a.jpg
427,Computers,4735953b9c8504eb327675a14c6c33dd.jpg
428,Baby Care,dd5d6f0649f40d49791bbd5c00758e2f.jpg
429,Computers,9fb8662af03c957ade34d4c816d4e903.jpg
430,Kitchen & Dining,a54b94096938252901d3f7f8de97bffb.jpg
431,Computers,281dfd9b94b34362c295b3e5f8da5dfa.jpg
432,Computers,7f2f1f3039d1f5bc23226fc36577eab9.jpg
433,Computers,32f24a4303050f500dec7cb3608fe089.jpg
434,Computers,ea199e645da893f2ab0c45cf07face13.jpg
435,Computers,3ccceaae844f34180708cb6cba3441bf.jpg
436,Home Decor & Festive Needs,e921fc17a0ed9a58f76d38558deb9337.jpg
437,Beauty and Personal Care,b6c339777814451815fe7950fd4c8536.jpg
438,Baby Care,ee78c1e94bdc217d1d0eaef5c567417a.jpg
439,Home Furnishing,26269fd0df12630eec4508c2cf3c94e1.jpg
440,Baby Care,b90046b67cafcedfd363afba5fafc1c7.jpg
441,Beauty and Personal Care,f8aa59c4a170e8a90ae832b173b2b2d9.jpg
442,Baby Care,c6f4475e2385cc16ce83f21f975614b3.jpg
443,Home Furnishing,2231a6fc63274c46043e353f1728f077.jpg
444,Home Furnishing,cc24426f00c1cf9ae0bf76e8bd23c336.jpg
445,Computers,d8ef80a8ba345dedc9f944cf21201988.jpg
446,Computers,d7fded8e211b3033e424fb450b97caec.jpg
447,Computers,8e961e4fd248c9496ca54808d2d2b25f.jpg
448,Baby Care,750f964cf8e6a16412aaf2b0d0350d0a.jpg
449,Baby Care,49f7763dc9c7ece284a1ae27166f8c6c.jpg
450,Baby Care,95feec21a9d076cff084159d61bf9b8e.jpg
451,Home Furnishing,f0d5e49c1a5aead18d5ff2e8f611de4e.jpg
452,Kitchen & Dining,0b8c4bc35aee94af356cb1fd2dfa0219.jpg
453,Home Furnishing,e6b483fce5fd910afda67d97dc04e775.jpg
454,Kitchen & Dining,7cb1ea7b2257aeeeba701a8f6e3e0127.jpg
455,Kitchen & Dining,3b0f02b3acf1825f8bbc1fb3b860dbb8.jpg
456,Home Furnishing,8ec6ee9814a27423e66c3c9ea26f77aa.jpg
457,Home Furnishing,050ea3acb555bf641e7ae9b4f3ba684a.jpg
458,Computers,650e27dff8f645649353743f64e03f77.jpg
459,Beauty and Personal Care,4e09d5a71d46d61de3d4c9c5aedb73f2.jpg
460,Baby Care,8c62cbbd23958ae380fea906f6b5a994.jpg
461,Kitchen & Dining,3b80ac036843b278083fabfd9a3c84ff.jpg
462,Home Furnishing,994f1d8ade16b9fddce3c127eb7f38ed.jpg
463,Beauty and Personal Care,17582ae953860b5320683768b8e97d3a.jpg
464,Baby Care,c063d07d78a55a21bf6c0e7c8ae46a6d.jpg
465,Baby Care,da2ce8d17a17f9d19b368434aedea5e9.jpg
466,Baby Care,3bc98543c7dd0d8fce5b8185b4a58c43.jpg
467,Baby Care,0bff0eda7a6677dc1acb0477a1f7a121.jpg
468,Baby Care,948699ab8c947ce56c256f9cf7996761.jpg
469,Kitchen & Dining,0b852704f2002f8865a68818ad4951da.jpg
470,Beauty and Personal Care,9b9fc81808086cfd1ce5a2b46e2f9926.jpg
471,Kitchen & Dining,10ad262ebfdc8614e847d36e6fe9ecf9.jpg
472,Kitchen & Dining,dea88a5f46d5fc19236651e6b3e0b3fa.jpg
473,Beauty and Personal Care,ba9f3a5ab1517a644322d856a7d25946.jpg
474,Kitchen & Dining,0f4f761de4224b004402c1f97e871ba4.jpg
475,Beauty and Personal Care,1c0fdd598671f6f4e10b21435d766cf3.jpg
476,Home Furnishing,bd14484c68d8a2992a6fecad36bd9f37.jpg
477,Home Furnishing,721c1b67f86176f741d43cae1d1c7e93.jpg
478,Home Furnishing,a0133654f3911e47f021da4e49d42926.jpg
479,Computers,209bf06a732416f1ce5147a8b0524808.jpg
480,Computers,88ca277594f22bb7494f2d0bbc51f8ba.jpg
481,Computers,9f9bb0ef3bb8af571bcfbfa1a22150bd.jpg
482,Computers,a76bf8400b3dbcdbe5a5678f4a8ea0f6.jpg
483,Computers,a863d956964ed41b7c90f5138dc69db5.jpg
484,Computers,bb18279e9885136f1dbc8676d4af94e3.jpg
485,Computers,44b963eb856b4831dfdd21b666593c95.jpg
486,Computers,77f659d4d18381c991fb9210e05d9c1b.jpg
487,Computers,98659fb98a4fe903f21f5c315adbaede.jpg
488,Computers,0d02f4703fde00645704e15bba23e77d.jpg
489,Computers,5a5bb03499009f35759258263fc834a3.jpg
490,Computers,9a8fa4fd6524ada03411b033a9daadc1.jpg
491,Computers,964648862f322b2cc153239af04b22ef.jpg
492,Computers,a8e2698d5bd4347f8136c86104ae03e3.jpg
493,Computers,dfecd0265b899cb36fbb1fddc6f861a4.jpg
494,Watches,a124d6e4c30b00918c594289266a383c.jpg
495,Watches,40efb9474b44fba54b5d2a8df121d727.jpg
496,Watches,087e83a2406dc98d941b8555356da477.jpg
497,Watches,75015382e469d36e397c5b47ea613314.jpg
498,Watches,11502f02601ff063bf7db0a618354652.jpg
499,Watches,d5d6c94b78fb0875b2894d44e7c46312.jpg
500,Watches,6776795cc4521a0cb0d54059649f7d72.jpg
501,Watches,2e474c49a7dfe704c35cf3990740daa3.jpg
502,Watches,71ff6abd7764f2a42fcbefc11429be2d.jpg
503,Watches,c36ea960a14f164ee0f39ad6beb3796a.jpg
504,Computers,cd089e2ef349a7f00dcdbf28965914f6.jpg
505,Watches,8284c10b2890ed53e17de5cfc33cdb96.jpg
506,Computers,8ccc970bf4c55e9b2710d5319161c357.jpg
507,Computers,2580f7559802e4e5e3695fda6cbfc317.jpg
508,Computers,379ebeb2ad76333ab67afe292688512d.jpg
509,Watches,8fc61e0dae2460bc6e8f152283d20173.jpg
510,Watches,88650de379b6ecb085ecb3c2e6b42d4c.jpg
511,Computers,9dc48a756ba86bbf6934ec6ddf9da03d.jpg
512,Computers,4e57e21d903b752a6b5aa496a43f1590.jpg
513,Watches,93f01d6cd167fa549928a9b649f87ccc.jpg
514,Watches,c9531b92270ef77516d5b5b7ba2568e9.jpg
515,Watches,9823c07cc256788556e424307f5ae9b6.jpg
516,Watches,d77279c8268e231b685cdbaf299e83f2.jpg
517,Watches,86b358a265312c139e5714e663daff05.jpg
518,Watches,c0a7134d52d4aa3eb5874aef112f809f.jpg
519,Watches,dbcaa93cc0542079e9c88db51ec23676.jpg
520,Watches,b64149a8a9235f5199c6d8225d5dc602.jpg
521,Watches,66b75f053cb7626f49f1a9bffe77b451.jpg
522,Watches,c7d81193e868b50355412ced7a67f8f3.jpg
523,Watches,8d1abb3504a19ab41e7d8b8b1d5dd839.jpg
524,Watches,797d10fe966b3aa35933669c3425525b.jpg
525,Watches,d21409978f5e404b53f89e444f7893fe.jpg
526,Watches,9059227d71995f88a1f48ff63830f716.jpg
527,Watches,41ae5a7304f3dc1dc8bc2dfc7765ae4d.jpg
528,Watches,4a4ccd1ac291cfc8b3894e691a1c0f7a.jpg
529,Watches,c8c7385b1b9589f009aa836f0590e646.jpg
530,Watches,1e15dbd9f59a8b2001f91d18ddc84b5a.jpg
531,Watches,b4e829e38d69d299a923abf8d11ac18d.jpg
532,Watches,64247967cbf6cd8bb2e243ac53aa5928.jpg
533,Watches,5db6bd89da44841c1a5b686e67137704.jpg
534,Watches,4019ad332ca3ce22449ff54fdd49a273.jpg
535,Watches,b19c9174113c2b9288157e14c48a8250.jpg
536,Watches,2b278ad355318a87c336285689d214f0.jpg
537,Watches,f242a2cf1525f7700770cf1262b4b660.jpg
538,Watches,3864ab10ef7006452fef45513de8f868.jpg
539,Watches,052559ede419996737893eb47568ee7f.jpg
540,Watches,19a570b6717955a8c48e5f280617ef24.jpg
541,Watches,54749618b728306f9b3dc518dec315ee.jpg
542,Watches,3fa21f35257649e1513ca4ce22c6a68c.jpg
543,Watches,d98fac46793639eceaaa2e74cadd4973.jpg
544,Watches,894904e26516d491bf1c7711fe800e78.jpg
545,Watches,5f8ebf77ba4064b68ea23a41cda71d97.jpg
546,Watches,797bb7813ec0bbc99e8b6f1b32c32e52.jpg
547,Watches,987e13b445c34bfedb9796d2bb78d593.jpg
548,Watches,2541b59d54a3a9f2681c0049f7ddd85c.jpg
549,Watches,8a15fa23b8c39ac1c7eaac94cbbe6fc6.jpg
550,Watches,321f2ab0dd243778c87ac63ace6639f4.jpg
551,Watches,d98147c96d2eebf723b2b67d791bcdaa.jpg
552,Watches,f2aaeda52ac1f77c2886af013fded02b.jpg
553,Watches,235410c63d373e2fe141c129de2f624f.jpg
554,Watches,b144a363c107c7bdd91f32d6e28ba6f2.jpg
555,Watches,51c9062e6538c787b14a75a6a7cb7fb3.jpg
556,Watches,9d2d833bf63095902417c2a35f72432a.jpg
557,Watches,1fcff864d6e397e1424d5366e6c6b8fa.jpg
558,Watches,ae03731c3482a5e42d040dbf723c49af.jpg
559,Watches,8c81ed9792bee1c2d6c3b8289d80eece.jpg
560,Watches,c205b200b10aab43be31df8fc1db6d86.jpg
561,Watches,49658948b5f4eb06a3ddc2fa75eb41d0.jpg
562,Watches,3693c4e7f7efb47edb3d9eec067ffd93.jpg
563,Watches,e15195f2a5ebaa2168ccd65324e65e8e.jpg
564,Watches,7037dbd17682322c89bdf7203b403381.jpg
565,Watches,51eb5d22eda4be2a409a336651c50bb1.jpg
566,Watches,ac209ee3c602efed4ff093854a4ade06.jpg
567,Watches,97fba8a02361aa56eaa9fa51bc1d7661.jpg
568,Watches,f559fdabbcc1f4980f215f847bfdd589.jpg
569,Watches,9412b6fe7b97e405def91f24f064c547.jpg
570,Watches,7616c21074fe889defce033dcd0d7cb6.jpg
571,Watches,d0e09eaa7fcc9e7de3349959800d2141.jpg
572,Watches,2cbad7ead8eb8dd92823b9f525c87b9c.jpg
573,Watches,8fffcfe66dfde658580f98f6e28a6a46.jpg
574,Watches,a1a266a37d38f7ce41d11f1868d8c9bf.jpg
575,Watches,144a5e05bd6e69535c53366a805a8b5f.jpg
576,Watches,c7207128c680a437e1cad834a8880007.jpg
577,Watches,059bc43e03e1824a9ab6466e32e5f137.jpg
578,Watches,5338c00e0ddaec0f3af737077e0bbd91.jpg
579,Watches,6c53dbd7a9d43744920bfae3bc06327f.jpg
580,Watches,6f9c169adda9b562a841a9cf54b16f06.jpg
581,Watches,15a0364d0efc54d4e272a49f85b149fc.jpg
582,Watches,a7bd63ef1d3b345d7f9a162865bb7c0d.jpg
583,Watches,35a68b44bef47a809314493d28535b9d.jpg
584,Watches,8748b6cd9f03afc539f246c55e230502.jpg
585,Watches,a70ea60f971825b2eb57261029f317ec.jpg
586,Watches,87e0ba259a84a10580bd659466e73e23.jpg
587,Watches,6b04c746cac2aa811d7a8753e54dc96e.jpg
588,Watches,156bcd3aba1838a2b6bad856654db964.jpg
589,Computers,621a88993a7033df3440ec816c2e386f.jpg
590,Baby Care,25ce025c38c55f28fd0ea3bb0200df79.jpg
591,Home Furnishing,62a1044ba64031b9e40f98a4fb890d9d.jpg
592,Baby Care,9ec6285cc619688d787d641cb87c10d6.jpg
593,Baby Care,87f256eeace1a0c2b1f934f061646da5.jpg
594,Home Decor & Festive Needs,3589e80e8f7f3f3a5b65447389b90c2e.jpg
595,Home Decor & Festive Needs,dde89969aecfa2c5245e8059c660b139.jpg
596,Home Decor & Festive Needs,e4922f01eda047582cd72e9d1063ab7a.jpg
597,Baby Care,30ab693b54e99a469a1152b5db14aa40.jpg
598,Computers,291d5ff1e50dac3058cf10578f692085.jpg
599,Baby Care,84b2e623a4a4327b88f7fe197a09be31.jpg
600,Home Decor & Festive Needs,20a06aad5f04727dd54bf13dd5923518.jpg
601,Kitchen & Dining,5e52d6ce133e5307814f9f3eedc5806d.jpg
602,Watches,c91f9dc1fdd8b4d60c6b2a2b607e3e8f.jpg
603,Kitchen & Dining,baa093d149982b010ab72ecbeec6110f.jpg
604,Computers,85aec4bf3185da7ebcc45003429cbfe2.jpg
605,Computers,bcb8e456728013a90ba66ab3b1b783ad.jpg
606,Beauty and Personal Care,afc829d45be38102afaa20f4bce2f627.jpg
607,Beauty and Personal Care,1fb0fc88acf0dc6ab9528c26252447e6.jpg
608,Beauty and Personal Care,42a8fef62716772c391fbdd148cc9c16.jpg
609,Home Decor & Festive Needs,08bdf59c9dcb241e3a57eb4f3729ec70.jpg
610,Home Decor & Festive Needs,2414e4b7e5948263b8dbb4843557be4d.jpg
611,Home Furnishing,e0e261a0d4fd2ffdcbcad324e91a0dd4.jpg
612,Baby Care,44218245b37581c534038cc27d081093.jpg
613,Baby Care,4e03d4e81e6a876f512536f6a57c053e.jpg
614,Home Decor & Festive Needs,4589c5021b21525b4779260f7e86f355.jpg
615,Baby Care,5ea8ddb8a5104c5d47c708e8a351e701.jpg
616,Baby Care,99b5905a1079edc2744b06a4049719e0.jpg
617,Baby Care,6e812fbc03331ab363789b0f2d6b3ff2.jpg
618,Baby Care,aa41433dfba2c7561fa30be3fed1e8f0.jpg
619,Baby Care,4e5ebfc871992e7e22365c0c036a1b89.jpg
620,Baby Care,8a184fe2c82ba6a17fbe07f94d0dd875.jpg
621,Baby Care,46ca672fdfff8a1b3641642a9795344a.jpg
622,Baby Care,672d1c3272eae4586eb5994fe408c12a.jpg
623,Baby Care,0991e8d8f884003ab18890971191085d.jpg
624,Baby Care,e10cbc680042d27fb747db2ac8e7a585.jpg
625,Home Decor & Festive Needs,0a3b5fdf77a361c2d7d9b29c259b8c4e.jpg
626,Home Furnishing,73901494efea71869576898c68b5eee4.jpg
627,Beauty and Personal Care,e47b9f88b773b3fd97ab3b51642ff6fb.jpg
628,Kitchen & Dining,6ed4eb71c0707f1d6fdddcf62562cb02.jpg
629,Baby Care,9d3ca83f7017d6e9e129964e88503ff0.jpg
630,Baby Care,d774c05556d3de1f991d1a46e204a0ad.jpg
631,Baby Care,e40e9b4ae48e452dc407d299b467d0c3.jpg
632,Baby Care,96bc1fbb83ad5a2c0441d132fe8bcf97.jpg
633,Baby Care,a51b2c34b3d5a6e5d0591ee6e0b4d335.jpg
634,Baby Care,32da1bbf4f523bc8a8735701ce4b7726.jpg
635,Baby Care,e3ae62ed831fd8b4c20e1742c30d35b5.jpg
636,Baby Care,a378736c1510a13966b42c2d6462f526.jpg
637,Baby Care,dc0b5ef48b4c132d0651613a9c1e8e40.jpg
638,Kitchen & Dining,aa68675f50a0551b8dadb954017a50a1.jpg
639,Computers,aeb421e416716d5f037d50e8c3b14cd7.jpg
640,Baby Care,6d460d2e12ff7c84cb6b9af783d465ae.jpg
641,Baby Care,eaed0897074ee52230ff6c6d73c18dd4.jpg
642,Baby Care,4d638f7a608a76db27cd7bab13582a93.jpg
643,Computers,86a39f77de21aa9654e8ea03335244fc.jpg
644,Baby Care,68b32e026c109c1bae017d024dd8f590.jpg
645,Baby Care,31376e77d4621c06a45440d42b9fe2ac.jpg
646,Baby Care,f79ad10ae634dcfdab6625790d5c5d54.jpg
647,Baby Care,3dfd14b667357e26ff6d66761cdc203f.jpg
648,Baby Care,9656b0a52d364da5eed38a4bb2d9f6e5.jpg
649,Home Decor & Festive Needs,7cf36a3f1f2bd785954cc876a941da40.jpg
650,Home Furnishing,43f4a023dd92830ab5b26886c496f23e.jpg
651,Baby Care,705b90361aeda1849a728d80625a78a9.jpg
652,Watches,0dc4d2767fe8424a3263ab141884f83d.jpg
653,Home Furnishing,f89ebd1d0889fbafa7c9453dbb0dfffd.jpg
654,Baby Care,e1d8c5b60f9157f8e21c77cf795952f2.jpg
655,Baby Care,f79c9db3abd7faca714c92aeba9b6728.jpg
656,Baby Care,260c74b5a09272dec1a8207db3541a0d.jpg
657,Baby Care,51b6809d527ea36798bddc2bb8557bc2.jpg
658,Home Decor & Festive Needs,5ae4626271e8eefe5eb2aaf42c00724f.jpg
659,Home Furnishing,90453db0386931707b256dfa1e32c404.jpg
660,Home Furnishing,bd2a71a635bf307de0056b74205918b7.jpg
661,Home Decor & Festive Needs,8c90f3ca64ea1a8ce104c3c3f5fc173f.jpg
662,Home Furnishing,70d571a25d37e16d5d5f4e94faccf454.jpg
663,Home Furnishing,dd9a5979c32bbdd836984529af862303.jpg
664,Baby Care,c9c4720bca91b8ce27d8190a7c4c139c.jpg
665,Baby Care,d6a50203fad654981605a70a7bde52b7.jpg
666,Baby Care,f9a8320c182841024f47ebcba284085a.jpg
667,Baby Care,5eec66ec172ce096cd4e5c947686b56a.jpg
668,Kitchen & Dining,3f025b9dc8065fe5a155573e5b21a70d.jpg
669,Baby Care,d0fee79693c7dc3132d30491323b6407.jpg
670,Baby Care,d06bb04b096c77dc3302eaf2db336f96.jpg
671,Kitchen & Dining,0ca8e323551dd7107ef57ef7c3e77aee.jpg
672,Baby Care,6eabdbbbffdfae86c3c5177ba0f96ea7.jpg
673,Kitchen & Dining,c997312abfa36281d41366cb4a3b908e.jpg
674,Home Furnishing,2bf0ca6d25501c067cd12a2a4939443f.jpg
675,Baby Care,7f6678a6217c831b716feca796f689fd.jpg
676,Home Furnishing,ce9cb60201f1cdc33e4b58d3583c7a5c.jpg
677,Kitchen & Dining,5518124b75d6c6dfee4c2e4c0cfa716a.jpg
678,Baby Care,22ac36ba254a68d7dd6173f099771147.jpg
679,Home Decor & Festive Needs,6c441a6ca8eb4e5ca882c9c0df03ff0c.jpg
680,Kitchen & Dining,025a85a3d1cddc6307f7dc075d8d2132.jpg
681,Baby Care,fd10586bf7f01bc57e0c5364d4b2c3f7.jpg
682,Beauty and Personal Care,91795f4b0e4aac27314477a91b63bfb7.jpg
683,Beauty and Personal Care,ead122f4b1da293eb2d719baf104dfc9.jpg
684,Beauty and Personal Care,8396537a124f502d11ab99972c816129.jpg
685,Beauty and Personal Care,6b5cdfe68595fbcab0e05dc625d3d66a.jpg
686,Beauty and Personal Care,911a6efe69bde398fbbddcb0b4bb466f.jpg
687,Beauty and Personal Care,d61b368146f83075937e144dab93c6a1.jpg
688,Beauty and Personal Care,bc2aaae47829fd5825f6cc2ec51c2c5f.jpg
689,Kitchen & Dining,55195de3873fffaa9e37b041533d7305.jpg
690,Beauty and Personal Care,cdc33ed715261b08e315a2a19427bc23.jpg
691,Beauty and Personal Care,c65fa0b38ab99792630468bd7dd26416.jpg
692,Beauty and Personal Care,142994b421c052a6193052c6c8c3d076.jpg
693,Home Decor & Festive Needs,c6adf41cd378b1f6a7ac62675b060411.jpg
694,Home Decor & Festive Needs,0ae859a69c7608d8197c3ba8c37bc6ec.jpg
695,Home Decor & Festive Needs,3bf09b28e3bf526c2dfebfe591921103.jpg
696,Home Decor & Festive Needs,82fbc93cd45ab747e7e606f2c52c7335.jpg
697,Home Decor & Festive Needs,07912328f580cf080d721e6466287896.jpg
698,Home Furnishing,10b6738d7058738a9a7d107bbb2833f4.jpg
699,Home Furnishing,59247d4024d85bfaf9e48368cba6d870.jpg
700,Home Furnishing,7d99ac27ad194bc62000c46779c42732.jpg
701,Home Furnishing,14bc693d9b86c58696e5917045e9d4de.jpg
702,Home Decor & Festive Needs,1218fd9be42d45a81846db9f65a983bd.jpg
703,Home Furnishing,3f9f12fa8fc6d7ebef136040f179a201.jpg
704,Home Furnishing,7915f1c0703450d4b1446c06066d9a59.jpg
705,Home Furnishing,595f508cdfbfa162d0fe7b97cc99ef42.jpg
706,Home Decor & Festive Needs,8a306758531cffad41e7a28e41576c49.jpg
707,Home Furnishing,ff24511994fc459d04145231c8876d6c.jpg
708,Home Furnishing,ce9207944cedeaa82e4ea6269586af2a.jpg
709,Baby Care,dbca6ab4ebf827884073e2890388b744.jpg
710,Home Decor & Festive Needs,7729e54756a60aecb2067a747c890913.jpg
711,Home Furnishing,28401ff0dbc191d34c2f1103e78e082a.jpg
712,Baby Care,227fc5c4fca14c424ff33e40941d22fa.jpg
713,Home Furnishing,841b14271aa4c29f291f600c9556145c.jpg
714,Home Furnishing,6acca991d2353781779b866e4f96edd9.jpg
715,Home Furnishing,d68b774e9529a4b94a5c6c8943a1b8b3.jpg
716,Home Furnishing,83b7c331ebdd018bea7cecb6171eda96.jpg
717,Home Furnishing,a371cfcae8c6ec3b82ae37a83a8ae9b9.jpg
718,Home Furnishing,b33d82c619bf88c3e3bb8f53beab0c4b.jpg
719,Baby Care,3dfdf277bccb74532c0387adfed2897d.jpg
720,Home Furnishing,5cd3d274d71e1e0d6bf075421461b2d5.jpg
721,Home Furnishing,52a8d66e466da645e413d2cecc294bd9.jpg
722,Home Furnishing,7091af252a785131c5a124fb90705fda.jpg
723,Home Furnishing,7c785e9e26092c0b6ed038085e90d89d.jpg
724,Home Furnishing,00cbbc837d340fa163d11e169fbdb952.jpg
725,Home Decor & Festive Needs,282102897daa1c2513cf76837a8d5a4c.jpg
726,Baby Care,eda00df2c5e1d006a8608e881bfcf300.jpg
727,Home Decor & Festive Needs,fd75569f00649bda69d490d54e01378c.jpg
728,Home Furnishing,cc2acb156df3202f172b280132ab459a.jpg
729,Home Decor & Festive Needs,984983d05e18e63d1a314e86cb362ae5.jpg
730,Beauty and Personal Care,cabeeb2c7f68a833964bf7329d360886.jpg
731,Home Furnishing,ed1a2a831475966a779524ba67ae2ac7.jpg
732,Baby Care,2bf95e5f8c4d7d0126de92e476d4fc8b.jpg
733,Computers,470ff3c4e22d237f5a75ac07225e513e.jpg
734,Home Decor & Festive Needs,f28dbe6996336f063e804f353d7de4ce.jpg
735,Beauty and Personal Care,aa82b75da7579007963e53b6f818281b.jpg
736,Beauty and Personal Care,e33795f66b2a42ac56095ae704ab25b6.jpg
737,Beauty and Personal Care,1dbe1f3ba28460dffef4a1d664549621.jpg
738,Home Decor & Festive Needs,5fdb912462da9891e5b21c677ceb15e4.jpg
739,Kitchen & Dining,52877a6306aef18af67ab54c8233c931.jpg
740,Computers,fd53c8ed19e77c3e65d767e6aee5fad7.jpg
741,Watches,62cbea6012792cdbe5ff7cac2a6b76d0.jpg
742,Kitchen & Dining,a97b85d31d715c65b2970c4177eb0fda.jpg
743,Kitchen & Dining,d47f1cb78db4a23e2516e2d34da34c8a.jpg
744,Kitchen & Dining,73523a8cc9a5c04a010d0307f2f2827a.jpg
745,Kitchen & Dining,daf06eb2b9613900299539558e287701.jpg
746,Home Furnishing,037c2402fee39fbc80433935711d1383.jpg
747,Beauty and Personal Care,5321f76936848ccc0003f6c11e923fb5.jpg
748,Beauty and Personal Care,532fd66d24261d77d9d8b18cfd1ca0f2.jpg
749,Home Furnishing,b2e4a7feb6bbca9cca2c0c1e18acbcfc.jpg
750,Home Furnishing,a18d4ddb1a1c3463d6719e526573c4ba.jpg
751,Home Furnishing,a5e1b49a1ddf038888e6de3523b475fb.jpg
752,Home Furnishing,83cef279f0ea5d772523d0d8b2923fbe.jpg
753,Home Furnishing,998a39dca0ef610c3a0ea4e9cc6e1681.jpg
754,Home Furnishing,08e8af585235d7403ca2b7b56a51a6d4.jpg
755,Home Furnishing,8872dd7ca802f56c1c3ee07e22e84cfd.jpg
756,Home Furnishing,8ed6faebe087745cc1a3ed5aec2a57cf.jpg
757,Watches,44a6d9f64668b004c3254f3904142064.jpg
758,Home Furnishing,49852d7f69839e0b1006adc55d56938a.jpg
759,Watches,e80e5151787eb21b0cca0d7dc3b0c338.jpg
760,Watches,79e6b64a09ec7d393be193430ea732fe.jpg
761,Watches,294a26262643797cb07f72f1b55262ae.jpg
762,Watches,53b9357d16d4db0a1f9ec4e8ac91e743.jpg
763,Watches,fc93a41f31c4e997fbfcc5bd0a63ee65.jpg
764,Watches,e24ef34ede03630207f0d367f633d8ea.jpg
765,Kitchen & Dining,3d8222014ec36292c1c143c5f5e12c29.jpg
766,Kitchen & Dining,503bb08f7bdf6a395ec564dd1dc83619.jpg
767,Beauty and Personal Care,2abb35d6affd2796e664349a747bd302.jpg
768,Beauty and Personal Care,4f8f64f93f789af51bb07296639acbd2.jpg
769,Watches,8aa19c1f26ee1f256d4c3ab5f2f849be.jpg
770,Baby Care,63523a600ab69f276664d0eade9d076e.jpg
771,Baby Care,42643c1c9403f67921a18654bcf45ead.jpg
772,Baby Care,8818424349b75a67775353d1feef2635.jpg
773,Baby Care,109e235d4838002246599f987d935c21.jpg
774,Baby Care,093bcad64d11c0aed903a8dd787ef069.jpg
775,Baby Care,93618b8a998782d4d847ee5cba5c7de2.jpg
776,Baby Care,c1e9b5875e442203073211c522072973.jpg
777,Watches,46c7cb82a768ad8811db821d8649f6e0.jpg
778,Beauty and Personal Care,dbb55b8da8c30cb67014d81405d98a41.jpg
779,Beauty and Personal Care,141ab1fbe0f943463d4971098647000c.jpg
780,Watches,35b5dfdda9214c94ab15bf5390e07de9.jpg
781,Watches,9924fba9b2a738e5a141995952e73104.jpg
782,Watches,30305ade337a4dde171afb90141bcaaa.jpg
783,Baby Care,9a0413117aa91c668ba5944770347cc5.jpg
784,Baby Care,fb435889d257c924c7bf77396a555e04.jpg
785,Baby Care,29d7a1b4d4f658fc3082905f65e1b009.jpg
786,Watches,c705a5735a94aeee547d1798e3e46ec4.jpg
787,Watches,7264f56639c8c54158b94ced769082c8.jpg
788,Watches,b5aafdb7cfde56f3e9e1364eb1efb691.jpg
789,Baby Care,389197b67a189c703f3deb9ca6f1f678.jpg
790,Watches,75549ef6adc47e9b6dc2b69f530d9097.jpg
791,Beauty and Personal Care,4676a8f96abb86c5d1dc5b06c7a11d95.jpg
792,Beauty and Personal Care,a67d4b8df18ac476cd1b0bbd80e589a4.jpg
793,Baby Care,fda0890dba67c93a7c80b0993651caec.jpg
794,Beauty and Personal Care,aba92798c4b2723e23131478d6c97293.jpg
795,Watches,22146eaca9aee0223a4302d87cb3e122.jpg
796,Watches,170fdf050c7a1f8d30ef5a98c4216f9c.jpg
797,Beauty and Personal Care,9d20743a61f62fe6f9cdc5ff24d46d23.jpg
798,Beauty and Personal Care,9993de7e2bcced43dc9edb3b2c81f23d.jpg
799,Home Furnishing,5188dd28a627807407d93549580afb74.jpg
800,Computers,93f45475c82bdee6df73c6e08011b7da.jpg
801,Beauty and Personal Care,95ea40dc6c0e81407e13d70bd52a5c95.jpg
802,Beauty and Personal Care,020d2daba55a723128e4e07c0b0393a9.jpg
803,Computers,9f141b3c3d9096f5a897d01b48e3b360.jpg
804,Beauty and Personal Care,648b52926285610670a756923b8a6f99.jpg
805,Beauty and Personal Care,0b793c1727ef52285a25dedf8b86626b.jpg
806,Beauty and Personal Care,9c06a95a82c3bd6635b9fe6e92b15902.jpg
807,Beauty and Personal Care,d0af95243e993331c4357fdf90dc4692.jpg
808,Beauty and Personal Care,f9f9cd4297b6667488785c2794a754f5.jpg
809,Beauty and Personal Care,1d1be744e491ed61e705c20e4a72320d.jpg
810,Beauty and Personal Care,a1fa0e24b2249ffa81f688c4840f1eb8.jpg
811,Home Furnishing,285075cfac3036e8d51591dfe5ba24ab.jpg
812,Home Furnishing,ffc2e1fc7c886ec09a331040ada038aa.jpg
813,Home Furnishing,39242e5488cf65d8d59eccb2b80e4a65.jpg
814,Home Furnishing,414d2065e1aed847064bcf14538eabc8.jpg
815,Home Decor & Festive Needs,ee6d5fe464237e85f61cc9128710ce32.jpg
816,Home Decor & Festive Needs,b362b56f7ee80dcfe9d8bb643df87007.jpg
817,Home Furnishing,fc59187b2e011cf098ce420a0ee02e10.jpg
818,Home Furnishing,7436c011ebdfd24b56a77893f210ed3b.jpg
819,Home Furnishing,dcab5c08ed8e6c2fa039e01367390071.jpg
820,Beauty and Personal Care,00d84a518e0550612fcfcba3b02b6255.jpg
821,Home Furnishing,ca82e1f23bb6cac66a32fce1c22534a3.jpg
822,Home Decor & Festive Needs,3fd4d7ea04624ada39fde3957c7b9b7c.jpg
823,Watches,697ad1d2e45c1af54cab7847cbe324d8.jpg
824,Home Furnishing,0ec47240feda42c63e42f1e9cee60f7a.jpg
825,Watches,3a7b224bf1bc9cee9052f9c9df0355f6.jpg
826,Watches,700dfd088162ea00deda33123cd7f2da.jpg
827,Home Furnishing,ad55b7ac6f7284b90d31a1a2f175df8d.jpg
828,Computers,952a100cf3a5bdf2d655e9cdca0e9dd5.jpg
829,Computers,d86f260ff28af531443f822c11746521.jpg
830,Computers,4354b7418ee0fab2fd9f8eb493556529.jpg
831,Computers,95b0779b1a04ab70d62c72b53090c4b3.jpg
832,Computers,078b35be31e8ac99b0cbb817dab4c23f.jpg
833,Computers,6e7cc21610991cab64595af678e8eb5a.jpg
834,Computers,00ed03657cedbe4663eff2d7fa702a33.jpg
835,Computers,c5720509a67da707afcb6f4f0282d529.jpg
836,Computers,9a9402ad55d079c86c302521816b7b0e.jpg
837,Computers,28e3f1e490cfc4b47bfb50671ff93283.jpg
838,Computers,e426290a8f57e82680275bb91df91ad1.jpg
839,Computers,fc9a650d545a50c72556bed0df59efa1.jpg
840,Computers,812bfd40e47dfde2ff5326e899b42577.jpg
841,Computers,01089dc3618a0ab7304d784ef400b83d.jpg
842,Computers,de47d0cc0c4875fb97530f66d934c894.jpg
843,Computers,e86daf9ebcdfc5c5dd088cdb7f8f8db6.jpg
844,Computers,2c475daafe597ed93c1e27fcaa38d8cc.jpg
845,Baby Care,9e90fb6c7870637b6f794e4b4c26bd7e.jpg
846,Computers,82466269245f199d7f850509307a497b.jpg
847,Computers,4f708bc74c4d29b2967dc38a1f5ae6d5.jpg
848,Computers,41dccf212ff447cd7213a2b1e669e406.jpg
849,Computers,c612bdfa459e1e2f20d57348336c24be.jpg
850,Computers,fc009e0b404034e5ea065ba980917f33.jpg
851,Computers,9da942796e9fac272db50b2f7546b94a.jpg
852,Computers,70af4c3c05688d8400632e134f258b98.jpg
853,Computers,146b0d570d5ab4e27629d48533b7680d.jpg
854,Computers,136f213080426c35520f1b1540c4a390.jpg
855,Computers,7cdc62f8d3f7ab8b9d2dddc14c86de83.jpg
856,Computers,568f331e1039bf2e0635b899c2b3248f.jpg
857,Computers,a41371b2f8859b015031f0d5eda5184c.jpg
858,Computers,fffa2117a4006d4a848eb7d5b80d4816.jpg
859,Computers,eedee8680f0ed35dcf612c6774affe83.jpg
860,Computers,6136976dc5a433cdf8e2559b8510bdce.jpg
861,Computers,ad08a6efe82576ab162a9336feff647f.jpg
862,Computers,832a66ce379b4c98fd3d748eebd7ae4c.jpg
863,Home Furnishing,112a8a56ee40ee31ea06fb7ff23b5c25.jpg
864,Computers,19d2dbc1789653c58bce08c169662cf2.jpg
865,Baby Care,8f41c6931b5220c2bb34d1cab21cb220.jpg
866,Beauty and Personal Care,a11773bc4188f1c6226b941ec61c2024.jpg
867,Baby Care,2c8912b849cf73676d025aa99203b6d1.jpg
868,Home Furnishing,4f6006b716c6546033fbaf9ff32de577.jpg
869,Home Furnishing,d218c32df572e82db50faecd62179db2.jpg
870,Home Furnishing,9e81a24714e06b0ca9b4fed8cae42611.jpg
871,Home Furnishing,736191946aaeaa637a0865a42c18b580.jpg
872,Home Furnishing,7b1dd192151777c246a1c4e1fe0ddb4c.jpg
873,Home Furnishing,159b45e4dede207f28319bf1cacee3bc.jpg
874,Home Furnishing,da8017c195b3bfa4ef002968a3542707.jpg
875,Home Furnishing,e56ffc10078972b5f4e7302383db8d72.jpg
876,Home Furnishing,f3dec6a97225941bf9c3213e73943bd3.jpg
877,Home Furnishing,c943647eee4de99fc1b4e233b9a7f47d.jpg
878,Home Furnishing,dc777afc918f513a7253187e00a11948.jpg
879,Home Furnishing,fc976caafdebbab15560dad48bc6ff0f.jpg
880,Home Furnishing,fc3eb6ffed257270c26943e9f9c347b9.jpg
881,Home Furnishing,b6c4cb6a29dcbaf7fa958f04c8215547.jpg
882,Home Furnishing,a6c820b76bc29bbe2d85eecad3de03f8.jpg
883,Baby Care,7bbcbd91b8865a9f7b254760e5e2e10a.jpg
884,Home Furnishing,d395b2f3d13ff8897f403c6141e0e39a.jpg
885,Home Furnishing,a30aa3b765b613c158fd3a295ed934fa.jpg
886,Home Furnishing,ee27bc4719ae58c5cb3f1dede61fcf54.jpg
887,Beauty and Personal Care,456ec612b30d4b091639843cdb66bf54.jpg
888,Home Furnishing,f0bc8dff0e2ef0b75f1c78b4f67bcd63.jpg
889,Baby Care,b454f9f449c9dff58b90113ba984ea98.jpg
890,Home Furnishing,72db37ec42ee76d79cf395221e0f4cce.jpg
891,Home Furnishing,463492671c5c19316a0fb9fe1c53da48.jpg
892,Home Furnishing,6858fd9265d348803b18667fe43cd054.jpg
893,Home Furnishing,526cb1e7675adb39a1ea68f1f2a3fd59.jpg
894,Home Furnishing,3ddd2f062730c2aea8bb8843d5a96125.jpg
895,Home Furnishing,597a9549a3e397d52dca62ee47b1f60a.jpg
896,Home Furnishing,2eb07dc77e2fc7e3668fd7ed9b864039.jpg
897,Home Furnishing,e1e2883b6845cb214ec8d365cd496008.jpg
898,Beauty and Personal Care,4b03cdfc7d1135c972e5c620dd7da66c.jpg
899,Home Decor & Festive Needs,f0ab5f12bd777e28a401a728fcb93a4b.jpg
900,Beauty and Personal Care,d3f4a4336324a3d180de23df1e75b9b7.jpg
901,Home Decor & Festive Needs,5c0fe2919e49f30aff91d46800cdf149.jpg
902,Kitchen & Dining,4b59516432fbc3d61e8e58d547fde431.jpg
903,Home Decor & Festive Needs,a060b5acc6e3fb814769805db61f589b.jpg
904,Baby Care,a541b3aba326d7749b4c086c3cea9273.jpg
905,Home Decor & Festive Needs,d136aa676ef52b09eab65762940957fe.jpg
906,Home Decor & Festive Needs,9b00cab981ab825158c05c9e54b866d4.jpg
907,Baby Care,480d24adbc304a52a4e01e45bf8bbccc.jpg
908,Baby Care,a445d1f73be8f81dd902fd5dc8529416.jpg
909,Baby Care,3aaa50eb5d2cf4c18b57346423871624.jpg
910,Baby Care,23b0bdd337f7d1b4b70ad13726a122ab.jpg
911,Home Decor & Festive Needs,7e3d8e737aec8f1eca019302593c732e.jpg
912,Home Decor & Festive Needs,e225be101bbad1ea9d031261ba4387b8.jpg
913,Watches,89b95537d8697203ab278237289a52a8.jpg
914,Baby Care,762b6b22cccf91935e92446efe298fe3.jpg
915,Baby Care,f7514f6068377bcaed80043a5e321131.jpg
916,Home Decor & Festive Needs,c5c559012b742d9966df82182b90c6da.jpg
917,Home Decor & Festive Needs,27175ea71cc5f2879882c77b9931cf8b.jpg
918,Home Furnishing,f54d0c5cbd8e2270742293edf9075cb1.jpg
919,Home Decor & Festive Needs,66d91765da568f133f040b951f25e702.jpg
920,Home Furnishing,e87bad0de3447c9ac3a8555e89545c75.jpg
921,Home Decor & Festive Needs,b1d61c60791a01827e3251e362c78573.jpg
922,Home Decor & Festive Needs,486e98154514ed485f0b2f9bc9f24549.jpg
923,Home Decor & Festive Needs,cf03921bd7eb3afd84c4b12a434d03e5.jpg
924,Beauty and Personal Care,a618354ba17cff64826558d81afc77ab.jpg
925,Home Decor & Festive Needs,5307e0db12b1018746ac3801d189c379.jpg
926,Home Furnishing,62e36e018c9ee4b282cf674e84054df8.jpg
927,Home Furnishing,fb42fce44e11f4dab8de99f8488281f8.jpg
928,Home Furnishing,3f9c4d0e8c3bca9c870e41f5098f90d6.jpg
929,Home Decor & Festive Needs,af13232271963742c118a1c58affa259.jpg
930,Home Decor & Festive Needs,7c333641c63bd7519432ae83744b8db4.jpg
931,Home Furnishing,60395c709b4a933319e2713e3ae620d4.jpg
932,Home Furnishing,cf1be83386eb96b2ab9598944ebca6fc.jpg
933,Home Decor & Festive Needs,037b39bef3db7ccd264c577a0edf0c0a.jpg
934,Home Furnishing,43da6e88dcb61e027ea9112cfab158ee.jpg
935,Beauty and Personal Care,7b1c5edc85bc7e31edf49ab70034bb3a.jpg
936,Home Decor & Festive Needs,6e6694c52c9273cde2163d34d5b44e94.jpg
937,Home Decor & Festive Needs,09f9f9b420edea2f39c0dc3c24d5be07.jpg
938,Home Decor & Festive Needs,9e07a3eeee6aa9e656106281cdd30d67.jpg
939,Home Furnishing,b7e42b52534c5e49eb03817d754c2153.jpg
940,Home Decor & Festive Needs,9c9385abdb73ec1f1f93acaf81c6e1d7.jpg
941,Home Furnishing,c12fd368ff03f5224b92771824cafb9c.jpg
942,Home Furnishing,283e2c4d728bdb193834d876ec27e6dd.jpg
943,Home Decor & Festive Needs,9cd443dad2c8f354fd01869a57fdc171.jpg
944,Home Decor & Festive Needs,8b7a51c69b47f4714b5f7131077b5d30.jpg
945,Home Furnishing,8026dc3e27e8e318cc7431a723f7ebc1.jpg
946,Beauty and Personal Care,2cc24452688ed35dfbff566e22e53c95.jpg
947,Home Decor & Festive Needs,4946e2411d24801b9e8f7dbe97ab1b93.jpg
948,Home Decor & Festive Needs,c417f408340252f170f05dadf88160d7.jpg
949,Home Furnishing,f41761a931135c6c043c7e04abda41b0.jpg
950,Home Furnishing,cd71b07a1d37a5e2cc04240e8498cc76.jpg
951,Home Decor & Festive Needs,edec3bb5df9c4bc618752e94532bb36e.jpg
952,Home Furnishing,5be86e35f21b1514d0e7742893d6cfba.jpg
953,Home Furnishing,13596c5cc53a74268613e5c0b7d46b60.jpg
954,Home Furnishing,bba68d75eff1b7b5eef7f6c1c68f2227.jpg
955,Home Decor & Festive Needs,1738ddb8f47f11ff0cb96fe6cad302c2.jpg
956,Kitchen & Dining,b91b13aceec0a140944a2c8915e45e59.jpg
957,Home Decor & Festive Needs,e488005c7fb68747d3458c7d73760bae.jpg
958,Home Furnishing,2476ae5a5e045876aa08f5919cb3b91b.jpg
959,Home Furnishing,f622e6c12de2c6534c94635f671af107.jpg
960,Home Furnishing,9c41f67773da27940d77460715e880be.jpg
961,Home Furnishing,cf6a4daf0e795838061b0eb832bbc99d.jpg
962,Home Furnishing,8ff973688c976a08fc7242da37101417.jpg
963,Home Furnishing,bcb51cec3d290e6a661586d0df30e091.jpg
964,Home Furnishing,06b8da0c6a24b91c8020f8b1c78d04c3.jpg
965,Beauty and Personal Care,9c8fdf6c9c631d0892e9a6f55a4a2fd2.jpg
966,Kitchen & Dining,378d7dbdb97ecc62c9ad52cb6df23a86.jpg
967,Baby Care,d627a270302d23eef773d05ad01fd03c.jpg
968,Baby Care,634c89325a6c7752985a74a67f985c1f.jpg
969,Home Furnishing,b3e5f93856cce162850713bb8edce52a.jpg
970,Baby Care,3e2b2a04696f7d83a7835e9894d79df7.jpg
971,Baby Care,0906fd9cc604fbba05a502e01d763cd9.jpg
972,Baby Care,729864e0d25e06cbf68561529bcdd4f0.jpg
973,Home Decor & Festive Needs,798346b99002495667bb87626d33b99c.jpg
974,Home Decor & Festive Needs,b0229d4466ac60c7ba53c7ce9fabad7c.jpg
975,Baby Care,4b500e244f11a45f5171bd3665413044.jpg
976,Beauty and Personal Care,fa2e5f01bbb642c49e4b2e19d2b39dcf.jpg
977,Baby Care,967d91e162afb44a67c0281f71766e4d.jpg
978,Kitchen & Dining,74e5a3f6edb34d7e593a0d1854b0b886.jpg
979,Baby Care,c44a5dc5b5ebe5b3e0535b7c2b7921e4.jpg
980,Baby Care,27b7851ae3dfc2ae8c1958cebe93bf0b.jpg
981,Baby Care,86089ddd9f9e52127ce838f210f776d7.jpg
982,Baby Care,bdcc7e18ffed5390cd3107030992ffa6.jpg
983,Baby Care,b58309ed929c2bf7d6096c03667b654f.jpg
984,Home Decor & Festive Needs,357432a848c3f13fa614efe5dddd99b6.jpg
985,Beauty and Personal Care,edb97bd2433fd9de301c8a44344777bb.jpg
986,Home Decor & Festive Needs,c3c23b5aa5e388e5f71883f61d1a0561.jpg
987,Home Decor & Festive Needs,42770faa04bfcf2b62e7ef335e1b1965.jpg
988,Beauty and Personal Care,eaf55e90d0e4295cb84cb0276e78c35c.jpg
989,Home Decor & Festive Needs,216c6c3527984be3d7ad9023d5cd9bd1.jpg
990,Baby Care,e347e7eca70e01badc3bdf6c154ac7c4.jpg
991,Kitchen & Dining,06fdaa2b03d70da4358311d260456729.jpg
992,Kitchen & Dining,d79e6ae847a561c284a2b14e42500698.jpg
993,Home Furnishing,c4ac93e194281d6d1450ffdaa52f5f99.jpg
994,Kitchen & Dining,fc8ff72b68b0f3736a9aff8f03aa712f.jpg
995,Baby Care,fe05e9ff9e31a310c35626ab6f2b4fe2.jpg
996,Baby Care,873a955df5a2f677a41a7efc94060e41.jpg
997,Home Decor & Festive Needs,032e812adcd11a38fd8b764891a852ff.jpg
998,Kitchen & Dining,78fcb634d9838127464d827234ab05ad.jpg
999,Home Furnishing,bc6b11881b783f275edd051431e531a8.jpg
1000,Kitchen & Dining,4cc971d2c9c0f1056bc124031ed52c1e.jpg
1001,Baby Care,31ac1b66cc6bb396c83f124317589f8c.jpg
1002,Computers,5bc04e6a0b6256dc78bb9cb22b39ef41.jpg
1003,Kitchen & Dining,0c70a580d96e50966130e2885d8c3505.jpg
1004,Baby Care,6325bf868b9040a0599f257aba42e9e0.jpg
1005,Beauty and Personal Care,cb096f17218f0e4ccd7424963e2cd0f8.jpg
1006,Beauty and Personal Care,cf3e938bf6d66c65ce94f8c206ed0809.jpg
1007,Beauty and Personal Care,2651ce313a5a3aedb7c566394a3b3b26.jpg
1008,Kitchen & Dining,cdf4aedfc9420a2e212fb64e2688bcdc.jpg
1009,Home Decor & Festive Needs,9bd8526e99697998cdf7dcbdfa044847.jpg
1010,Baby Care,9ff54c12cc7ffd7c1a6724477b8fea2f.jpg
1011,Baby Care,11f06dffebf7edf9e15351834a190c2c.jpg
1012,Home Decor & Festive Needs,29def171d7e31d48571a52f0fb3e6b07.jpg
1013,Beauty and Personal Care,b48218a94e220c20373ed50dc4254093.jpg
1014,Baby Care,721d6fc10f52e76007c3c0405cf967c5.jpg
1015,Computers,eeecf5d16fa6591290706f1fd0c6fc6e.jpg
1016,Beauty and Personal Care,747b170919791d6111847d3485b5b77b.jpg
1017,Home Furnishing,4748b7ea0e01cffa561f1a7a7a432813.jpg
1018,Computers,6057d1b6682ab473a3fe2ca8b4577259.jpg
1019,Computers,031c98cfde349d99fb6d5983f54c8751.jpg
1020,Home Furnishing,6eaa9bd9e9285d77891bb76d30e6ebe7.jpg
1021,Computers,8141b9d5af35017a907b1e88c17f7963.jpg
1022,Home Furnishing,7ec5ac2dea80b6c5e4cfd20eba597d20.jpg
1023,Computers,b7214d4c357e3f7acae72fcbe7d31afe.jpg
1024,Computers,7fd3f7b35e8b4a66432c974c8cb5c46d.jpg
1025,Computers,30ad2acaccdd2e1691a61c44079c2b5a.jpg
1026,Home Furnishing,3f97735a6c61a3587cefceaef36c280c.jpg
1027,Home Furnishing,362714cbba2f5ae412d2f26bae99a266.jpg
1028,Computers,9b805665a791f40e7946a73dcea17e35.jpg
1029,Home Furnishing,90906358dac904c4f05c12c798ac5221.jpg
1030,Beauty and Personal Care,4d6bf06ef01f80130a1ab28dfdeb7aa3.jpg
1031,Beauty and Personal Care,7d2883d833e215d3092c7f53572f870d.jpg
1032,Computers,b5834f1e97c74d2833dbcb09a3f27926.jpg
1033,Home Furnishing,ace154420a51fad090b3543995630051.jpg
1034,Computers,7815fb39feb773db944c9f03bbdcbf64.jpg
1035,Computers,d407ab825e1a266635214bfe893f29c4.jpg
1036,Computers,5a54c78b52c984e56500809e5bc27ae1.jpg
1037,Home Furnishing,678ebb5f6057dcc51948253c1b39b0b8.jpg
1038,Beauty and Personal Care,7821fb1cbf8d3bb294c3c20527119f15.jpg
1039,Home Decor & Festive Needs,3b96a152c8fac4421fb67b6190584976.jpg
1040,Baby Care,3b465b02720ef7c930cb2e065a8fc05d.jpg
1041,Baby Care,b1644f47c7dfa58f8c06677f2a27ee09.jpg
1042,Baby Care,057836ecde71565f8ebdd576e41fdc96.jpg
1043,Baby Care,38782cce965307ddcdbedfcb7fa409c3.jpg
1044,Baby Care,be0f39341d771aac57084970f1ed6425.jpg
1045,Baby Care,958f54f4c46b53c8a0a9b8167d9140bc.jpg
1046,Baby Care,fd6cbcc22efb6b761bd564c28928483c.jpg
1047,Baby Care,5912e037d12774bb73a2048f35a00009.jpg
1048,Baby Care,c3edc504d1b4f0ba6224fa53a43a7ad6.jpg
1049,Baby Care,f2f027ad6a6df617c9f125173da71e44.jpg
